resource_state;name;distance;moving_time;elapsed_time;total_elevation_gain;type;sport_type;workout_type;id;start_date;start_date_local;timezone;utc_offset;location_city;location_state;location_country;achievement_count;kudos_count;comment_count;athlete_count;photo_count;trainer;commute;manual;private;visibility;flagged;gear_id;start_latlng;end_latlng;average_speed;max_speed;average_cadence;average_temp;average_watts;max_watts;weighted_average_watts;device_watts;kilojoules;has_heartrate;average_heartrate;max_heartrate;heartrate_opt_out;display_hide_heartrate_option;elev_high;elev_low;upload_id;upload_id_str;external_id;from_accepted_tag;pr_count;total_photo_count;has_kudoed;athlete.id;athlete.resource_state;map.id;map.summary_polyline;map.resource_state;raw_average_power;raw_max_power;raw_power_per_kg;raw_normalized_power;raw_intensity_factor;raw_training_stress_score;raw_average_hr;raw_max_hr;raw_hr_training_stress;raw_efficiency_factor;raw_power_hr_decoupling;raw_first_half_ef;raw_second_half_ef;raw_variability_index;raw_power_z1_percentage;raw_power_z2_percentage;raw_power_z3_percentage;raw_power_z4_percentage;raw_power_z5_percentage;raw_power_z6_percentage;raw_power_z7_percentage;raw_hr_z1_percentage;raw_hr_z2_percentage;raw_hr_z3_percentage;raw_hr_z4_percentage;raw_hr_z5_percentage;raw_power_tid_z1_percentage;raw_power_tid_z2_percentage;raw_power_tid_z3_percentage;raw_power_polarization_index;raw_power_tdr;raw_hr_tid_z1_percentage;raw_hr_tid_z2_percentage;raw_hr_tid_z3_percentage;raw_hr_polarization_index;raw_hr_tdr;raw_fatigue_index;raw_initial_5min_power;raw_final_5min_power;raw_first_half_power;raw_second_half_power;raw_power_drop_percentage;raw_half_power_ratio;raw_power_coefficient_variation;raw_power_sustainability_index;moving_average_power;moving_max_power;moving_power_per_kg;moving_normalized_power;moving_intensity_factor;moving_training_stress_score;moving_average_hr;moving_max_hr;moving_hr_training_stress;moving_efficiency_factor;moving_power_hr_decoupling;moving_first_half_ef;moving_second_half_ef;moving_variability_index;moving_power_z1_percentage;moving_power_z2_percentage;moving_power_z3_percentage;moving_power_z4_percentage;moving_power_z5_percentage;moving_power_z6_percentage;moving_power_z7_percentage;moving_hr_z1_percentage;moving_hr_z2_percentage;moving_hr_z3_percentage;moving_hr_z4_percentage;moving_hr_z5_percentage;moving_power_tid_z1_percentage;moving_power_tid_z2_percentage;moving_power_tid_z3_percentage;moving_power_polarization_index;moving_power_tdr;moving_hr_tid_z1_percentage;moving_hr_tid_z2_percentage;moving_hr_tid_z3_percentage;moving_hr_polarization_index;moving_hr_tdr;moving_fatigue_index;moving_initial_5min_power;moving_final_5min_power;moving_first_half_power;moving_second_half_power;moving_power_drop_percentage;moving_half_power_ratio;moving_power_coefficient_variation;moving_power_sustainability_index;total_time;elevation_gain
2;Lunch Ride;0.0;5736.0;5819;0.0;Ride;Ride;10.0;16073443277;2025-10-08 09:53:08+00:00;2025-10-08T11:53:08Z;(GMT+02:00) Africa/Blantyre;7200.0;;;;0;4;0;1;0;True;False;False;False;everyone;False;b14302691;[];[];0.0;0.0;83.1;20.0;169.8;276.0;172.0;True;988.4;True;125.5;139.0;False;True;0.0;0.0;17156119627.0;17156119627.0;garmin_ping_488656590709;False;0;0;False;16360356;1;a16073443277;;2;169.7482817869416;276.0;2.2045231400901506;173.08691166393342;0.607322497066433;59.6292328299529;125.46426116838488;139.0;88.056761278044;1.3795714417162546;-9.397864221539336;1.4484331649317443;1.312311382751714;1.0196681217732873;13.57615894039735;85.86615545486232;0.5402579295921924;0.01742767514813524;0.0;0.0;0.0;100.0;0.0;0.0;0.0;0.0;99.63401882188916;0.34855350296270476;0.01742767514813524;285.90000000000003;5716.999999999999;100.0;0.0;0.0;0.0;0.0;-1.2907954476047054;163.72333333333333;165.83666666666667;177.29125874125873;167.77486910994764;5.367658675828702;0.946323413241713;10.516200920451825;89.48379907954818;172.14410175988849;276.0;2.235637685193357;173.08691166393342;0.607322497066433;59.6292328299529;125.90538421327757;139.0;88.67705190701416;1.3794146475473172;-9.397135096835333;1.4482625808894165;1.312167389606324;1.0196681217732873;13.54602510460251;85.89609483960949;0.5404463040446305;0.017433751743375175;0.0;0.0;0.0;100.0;0.0;0.0;0.0;0.0;99.63389121338912;0.3486750348675035;0.017433751743375175;285.79999999999995;5715.0;100.0;0.0;0.0;0.0;0.0;-1.2907954476047054;163.72333333333333;165.83666666666667;177.29125874125873;167.77486910994764;5.367658675828702;0.946323413241713;10.516200920451825;89.48379907954818;5819.0;0.0
2;Lunch Ride;0.0;3606.0;3605;0.0;Ride;Ride;10.0;16061753663;2025-10-07 10:24:11+00:00;2025-10-07T12:24:11Z;(GMT+02:00) Africa/Blantyre;7200.0;;;;0;4;0;1;0;True;False;False;False;everyone;False;b14302691;[];[];0.0;0.0;88.5;20.0;172.3;260.0;173.0;True;621.1;True;123.5;137.0;False;True;0.0;0.0;17144312059.0;17144312059.0;garmin_ping_488294442004;False;0;0;False;16360356;1;a16061753663;;2;172.24320576816416;260.0;2.236924750235898;172.95196167067897;0.6068489883181718;36.88794707804933;123.53272323904604;137.0;52.8919294130548;1.4000497773857266;-10.546792629198757;1.4798609706062713;1.3237831028359799;1.0041148554995474;13.893510815307819;85.55185801442042;0.49916805324459235;0.055463117027176934;0.0;0.0;0.0;100.0;0.0;0.0;0.0;0.0;99.7504159733777;0.19412090959511924;0.055463117027176934;514.1428571428571;1798.4999999999998;100.0;0.0;0.0;0.0;0.0;6.225596954892374;169.89;159.31333333333333;175.96783139212422;168.705719044975;4.126954506228143;0.9587304549377186;9.661451522813726;90.33854847718628;172.24320576816416;260.0;2.236924750235898;172.95196167067897;0.6068489883181718;36.88794707804933;123.53272323904604;137.0;52.8919294130548;1.4000497773857266;-10.546792629198757;1.4798609706062713;1.3237831028359799;1.0041148554995474;13.893510815307819;85.55185801442042;0.49916805324459235;0.055463117027176934;0.0;0.0;0.0;100.0;0.0;0.0;0.0;0.0;99.7504159733777;0.19412090959511924;0.055463117027176934;514.1428571428571;1798.4999999999998;100.0;0.0;0.0;0.0;0.0;6.225596954892374;169.89;159.31333333333333;175.96783139212422;168.705719044975;4.126954506228143;0.9587304549377186;9.661451522813726;90.33854847718628;3605.0;0.0
2;Lunch Ride;0.0;4957.0;5466;0.0;Ride;Ride;10.0;15919936111;2025-09-24 09:54:32+00:00;2025-09-24T11:54:32Z;(GMT+02:00) Africa/Blantyre;7200.0;;;;0;1;0;1;0;True;False;False;False;everyone;False;b14302691;[];[];0.0;0.0;83.6;19.0;161.1;241.0;173.0;True;880.8;True;119.3;133.0;False;True;0.0;0.0;17000097861.0;17000097861.0;garmin_ping_483695562036;False;0;0;False;16360356;1;a15919936111;;2;161.102615694165;241.0;2.092241762261883;177.95277159855354;0.6243956898194861;59.206087966721825;119.2725443570514;133.0;74.75318443972702;1.4919843670462702;-13.456788765478278;1.5966607194343698;1.3818014591187209;1.1045926897697096;9.36933306467862;88.93814225266976;1.692524682651622;0.0;0.0;0.0;0.0;100.0;0.0;0.0;0.0;0.0;98.8716502115656;1.1283497884344147;0.0;87.625;0.0;100.0;0.0;0.0;0.0;0.0;2.170672073468893;167.69;164.05;186.51599837991088;170.41362530413625;8.633239623217746;0.9136676037678225;10.373682432120143;89.62631756787985;177.48116058835382;241.0;2.3049501375110886;177.95277159855354;0.6243956898194861;59.206087966721825;121.85553092887366;133.0;78.02597834964885;1.491751017502154;-13.470523116929071;1.5966364574204677;1.3815611743303262;1.0872922657972648;9.259632842445027;89.04579382691144;1.6945733306435344;0.0;0.0;0.0;0.0;100.0;0.0;0.0;0.0;0.0;98.87028444623765;1.1297155537623564;0.0;87.51785714285714;0.0;100.0;0.0;0.0;0.0;0.0;2.170672073468893;167.69;164.05;186.50323886639677;170.41987829614604;8.623636065522803;0.913763639344772;10.373682432120143;89.62631756787985;5466.0;0.0
2;Lunch Ride;43047.8;6271.0;6428;381.0;Ride;Ride;;15908775974;2025-09-23 10:17:44+00:00;2025-09-23T12:17:44Z;(GMT+01:00) Europe/Berlin;7200.0;;;;0;5;0;1;0;False;False;False;False;everyone;False;b13021367;[48.066284, 11.519038];[48.065878, 11.519452];6.846;15.84;60.6;8.0;160.6;376.0;166.0;True;1012.6;True;112.5;129.0;False;True;713.8;566.0;16988661350.0;16988661350.0;garmin_ping_483353715657;False;0;0;False;16360356;1;a15908775974;g}jdH}xheAIa@kAPsCtAsEnEwBxCsFdGyBzAaI|B}E?c@b@y@|CWZkD@qE}A[J_@lAo@`Gk@jC}AvDcDvGs@|Ec@`K_@rDkApGcBtF}IlTkAnBcEzEcGdLm@~BhMjD|N|L~PlXjAvApKrG`JzIfHfFPd@?vAo@pBZh@xTrQvWhUjFtF|H|K~C|FdAfCnEzNjJhWdMh[`EnGzI~PvOfWtJvNfJxOfBpDvC~HhFvKpGpR|C~HzD~HbFxH|IpJvF~DzHpEbNfPxDlDdBdApN~E~C|AxAnAhB~BlGjKxVhWtWv[tPjRlCtE`DfDpCfF~GdEvBnCdLtTbHdSx@bAvDhC~@hC|AdMv@jJdBb[@rP^`Fv@rD`AxCrChGnErHlA~Cb@pBZxERlOG|Fe@fH?vC`@lCvAjFp@lHtAtFMfAkAhA[z@lD|GrExAtPCfF~BVApAnAvFfBpBX`QwAvNy@hIcBhNyFvBc@nC?|DfAdIbE\f@~K|BrKjEdMzArCr@bCrAf@pAbATdEhEtCjB~B|B`B~@zFxA^UnD}HtGmJfBcAhGmAzDiBfImFjG{HrHuCiAcGeAqAuC{AUi@QkBKoBDsB~@kD\mE@{N^wHYiGeBqLWeJ\_I`CeQLoBf@uBhEmJ\wDEeB_@aAs@_@wCv@_AAiJiGsDeFyCkHuHeHo@aB_@oBh@qKJmK\oDjAmFvE_M^oBNeCU}E{EaQe@{CMgCDoRTwL^kCnBwIL{B]}Jt@_[IyCq@cG_BkHs@_HYiAwCeG}DyFcIyIwAyCoAyAoFaDaEyA}CK_AqAoB{EYeBGuWKaG[yBaA_CeDaD_AsAgDuGcD{HUmA{EJeC_@uCqAuCaCgBcD}HqSmDcHyByCmDqCmBw@kDc@}ITsGOsBl@wK~F}Bd@eCE{@s@qFiC{EeHgAaAyJ{D}CmBaCsCoTaV}[_UyG_G_Bq@sFcAsBiAuAiByAsDs@q@yBeAUgBe@eAqDsBeDqCmFkDgAkAs@uCk@}@oBaLqCyFmCuIO{@mE_IoDqEs@UgC|@yAaDqAaAqFUmBi@{@gAqDcIkAgByOcKsCiC}BiDsCaGmDiEc@aByC[sG}Bi@w@m@kBJgDyAsEiDiFwBaC}EwAQmE_@eA{DcDkHkDuOiKmF}D}BqDaA_AmBsAkD{AGk@zA{FzBmA]_BqCuAuALk@}@{Au@aB@sGaAsDgC{DuF_BmGqAyCgD_DmDwBkBcBkGaEcBa@uCuBsEeEoCkA}CUa@_@c@kA{@w@u@c@eB[cBToErBeJjCqDpB{ClCqFhA{NbF;2;157.00108881630115;376.0;2.0389751794324824;172.15073128776734;0.6040376536412889;65.1581805563586;111.96064706797324;129.0;77.45935597490562;1.5376003604485393;-5.23101028183935;1.579273194163899;1.4966612509988528;1.0964938688367443;31.365372374283893;62.07829408020369;6.2698917886696375;0.17504774029280715;0.06365372374283895;0.047740292807129214;0.0;100.0;0.0;0.0;0.0;0.0;94.65308720560152;5.060471037555697;0.2864417568427753;18.761006289308174;330.44444444444446;100.0;0.0;0.0;0.0;0.0;-4.026248941574939;157.46666666666667;163.80666666666667;170.65709515859766;170.57431506849315;0.04850667944838516;0.9995149332055161;20.6125281797061;79.3874718202939;160.82359496895398;376.0;2.088618116479922;172.14478079499546;0.6040167747192823;65.14354183073895;112.49800987103964;129.0;78.19251893689298;1.5372845613265669;-5.194923843982813;1.578643381995525;1.4966340605327828;1.0641099462921018;31.28687609631638;62.15914527188646;6.266943071280498;0.17541062031573912;0.06378568011481422;0.04783926008611067;0.0;100.0;0.0;0.0;0.0;0.0;94.65794929038431;5.055015149099027;0.287035560516664;18.782334384858046;329.77777777777777;100.0;0.0;0.0;0.0;0.0;-3.903078484438432;157.65333333333334;163.80666666666667;170.64125710464728;170.55601233299075;0.04995554598162421;0.9995004445401837;20.61206514744996;79.38793485255005;6428.0;403.99999999999955
2;Morning Ride;21799.7;520.0;6679;133.0;Ride;Ride;;15895793696;2025-09-22 06:19:28+00:00;2025-09-22T08:19:28Z;(GMT+01:00) Europe/Berlin;7200.0;;;;0;5;0;1;0;False;False;False;False;everyone;False;b13021367;[48.063303, 11.524129];[48.066244, 11.518922];6.809;10.82;;;113.7;;;False;364.0;True;99.2;122.0;False;True;584.8;496.2;16975375010.0;16975375010.0;garmin_ping_482940732856;False;0;0;False;16360356;1;a15895793696;sjjdHwxieA\b@Zv@Hd@R\?f@WtJ@jAHRNJ|ASrA[RO`AmA~@w@jAs@tAq@vEqADYIq@Dw@|BiQ]]}Am@kBgAuGeDq@QaCUaAY}@e@y@k@mAmAsE{DuGiGyEyDsGqEsAu@sIgGSGyHcFi@WqCgBMCO?[LU\w@rCORqB\YBWOSc@e@uAYe@a@KSBa@PkBfAaAr@uBvCgAdB}@bBs@bAa@PW@gAGKEuA{BsB{DaAqAk@e@iCyAaFsDWEYDOXSp@WPK?gAa@sFcCsCyAsBw@i@]c@c@i@SiIw@iE?mBM{HqAsBGSDqDaCuCsBqAoAu@i@cC{@yAGaBHuN_A}ELqBLmFv@eGn@uBd@kErA]BoACo@KyAFoKl@}Mb@_APkJZaEVoB[]XSFmCHcBGwAWwA]eCeAsFFk@Qa@Wi@KgAAoHc@{DwAaAKcATWIO[[qAg@qAUkAGsACsBIsAY_C_@{AYQaCTq@@sAIkLaCUI[Yg@{@UcACc@BqCAwBImAO{@@KC[KWOiBk@wBq@oB}@iB_CkDeBiBwAaAiBy@w@c@o@aA]u@wDsGO[EmAM[WM}BKKUs@kGa@eGwAcXArAXhDFhBHt@b@dKHdA?^PlAd@fF`@hFXnA@h@LvAT`B?l@J^?PFL^JrCJhALlBb@f@DjB|@rA~@lCjCp@~@f@v@nAtCr@tBjA`F?b@PzD@lCB|ALp@N`@f@~@pAv@~@F`ItAfCNlBO\BJLNj@R`ALzBFrDFr@Fb@rAnEFX?TV`@b@@t@Ux@Bd@FjDrApEThD\|AbAZL|AAxAY`BJbATjH|BfABbCIVRbAYbL_@rHg@vL]lJo@fDa@dAUtAi@|EiAjHg@TUd@OtB[xJWfCN`Fv@~@F~CMZ@rAVv@\FLt@T`CtBj@b@x@CvEfDvAC`IpA`CNfGFnGh@`BhAxEnBrAt@rHbDX@PQV}@TQV?|BzAhB|AbCvAbAx@p@~@`DrFN`@NPn@Rv@Hp@WbEqGhAuAtAqArCcBXEVJRPx@nBNTRL`D]`@Xb@bAPJtHeBd@@nAj@n[`TpQtPzBnBjAt@pAb@lDd@l@T`KbFbDhBf@`@d@l@ZP|@fAn@lAxAhECXMDaAD}@NyF~BwBr@_EbAkAr@cAb@uA`A_AjAc@X{E`A{LjE_Dz@KFIVFp@;2;0.0;0.0;0.0;0.0;0.0;0.0;83.81991017964071;122.0;45.109758408356285;0.0;0.0;0.0;0.0;0.0;;;;;;;;100.0;0.0;0.0;0.0;0.0;;;;;;100.0;0.0;0.0;0.0;0.0;;;;;;;;;;0.0;0.0;0.0;0.0;0.0;0.0;96.77914798206278;122.0;60.199733466363035;0.0;0.0;0.0;0.0;0.0;;;;;;;;100.0;0.0;0.0;0.0;0.0;;;;;;100.0;0.0;0.0;0.0;0.0;;;;;;;;;;6679.0;198.79999999999893
2;Lunch Ride;49116.6;5849.0;6146;267.0;Ride;Ride;10.0;15852573469;2025-09-18 09:34:47+00:00;2025-09-18T11:34:47Z;(GMT+01:00) Europe/Berlin;7200.0;;;;1;7;0;1;0;False;False;False;False;everyone;False;b13021367;[48.06652, 11.518556];[48.06877, 11.517229];8.333;13.5;77.4;21.0;184.6;348.0;187.0;True;1089.7;True;128.3;143.0;False;True;650.6;564.4;16930943783.0;16930943783.0;garmin_ping_481581855384;False;0;0;False;16360356;1;a15852573469;w~jdH}uheAX}@Gu@KKgAXgClAqAhAyCjDiAbBqB`CcEdEmAp@eHpBgAJsBOo@D]d@y@xCSZcD@oGa@}@nHo@tCoAxCmC~Eg@fBm@`Gq@rK{ArJy@pC{BlGeGlNkAlBuBxBkA`BkF|JKPa@pDdBn@bIjBrMrKzBhCfPrWtHvEdClBhA~@jE~EtIlG^t@FdAOd@w@z@ATJPjGpEhF`FlEbD`HtG`GvEdEfEzCfC`CfCxIxL|B|DfAdCtFnQzEdMlChIrLjYvDjGtDbInC~EjP~WfHjKdOfWtA~CrBvFpFjLvGpSrCfHnElIzCtEzE~FlE`EjGdExCxAvB`BrGrHtDzEdDfDxC~AbIbChDtAdB~@rC|BpKrOtBdCdAfBhOhNzXh]|MnOh@d@xCbFxC~CdDtFfBrA|C~AxAtAjMjVlH|S|@dAtCjAp@`AZ|@tAfKpAnPj@nMt@dLAhNXxEl@bDlAxD`DxGVt@JCAa@eCqEcAcCeA_Ee@aDUoD@yOcAmNYgIgBmSo@cF]gBe@kAi@m@_DsAu@aAyC_KcBmEmAiCgL_TyAcBsEcCaAy@uCeFmCgCmDkGaSkUoTkXoMcM}FgGmA}AcHyL_@c@yB_BkCqAkM}DuEkCuCwC}KcNoB{AuF}CsDkC_HsGuDoEiCwDwDeHwEyLcGyQyEuJwC_I}B_FuJiPgJeNwQiYkGaNgFkI{DqKkEeKkCaIyDwJeHuTqCyFeHgKqEwFoMqL}C{BwHeHuEoDsEmEwG{Eq@s@KB@LzAlAvFbE|FrF~DxCtFnF|HdGvD`EvGlGfG`IbBhChDnH~HjVlCvG`DfJ`EhJ|EfM`E~GzClGbFjJlLhRzKfPfK~PvAtC|DfKhEzIxHpUvAjDbE~IlFnIhJzJxDzCtHjElBzA~L|NhE`EbCpA`B\~I`DfDfBpAjAjBvBtFbJtBnCnJtJtHnHrShWnTbW`ClEbD~CdC~EJLDKG_@}B{DmCoCyCoFu@eA_RcTiUgYuTgTgCuDkDyGeCsCa@]eHgDmJmCeDsBwBoBeNmPqB_BoFoCaFeDoFkFeCuCuCcEsDcHyFmNeG_RcFiKaC{GqBgEoNyUoHoK}DoGcBcDwFyIkCqEiEcJaEaH}CmIwEyKsEmMcCuFqEwO}@cC}BgFwB{D}KkOuSeQ{FmFeEeDsGaGcG_E_@w@Am@PwAd@i@DQIYyFgEqGsGsD{CeHwD{@q@cAoAgOcVmC}CgLkJqAe@sH_Bq@]Bo@`@gAvGyLlEcFjBmD~CeHxEqM~A}HZ_CXuDF_Dt@uIb@wAzB_E~AyD`@cBv@wG`@aBn@e@r@M~@jAd@X|@PbAItANLQf@aCl@cAv@K~CNhI_CnBkA|HiJ;2;177.03741662599643;348.0;2.2991872289090445;190.6405709004363;0.66891428386118;76.40145899546273;126.69969090613307;143.0;94.84489943347488;1.504664845959842;-5.387650833812343;1.5460111634022673;1.4627174800663931;1.0768377359639034;12.634454498890216;66.67235786238689;19.41266860167321;0.9731944681577599;0.2731773945705993;0.034147174321324913;0.0;96.60235615502816;3.397643844971829;0.0;0.0;0.0;82.27761652723237;16.441864435717946;1.2805190370496842;5.0820353063343715;64.25333333333333;96.60235615502816;3.397643844971829;0.0;28.432160804020096;0.0;-4.141533609304158;169.1;176.10333333333332;188.70702853166318;194.05120910384068;-2.8319986879984134;1.0283199868799842;16.897678248203015;83.10232175179698;186.0;348.0;2.4155844155844157;192.50514762198023;0.6754566583227376;76.06562963971284;128.46857923497268;143.0;95.2115181234295;1.5076495735437176;-5.763891606259541;1.5531928319845834;1.463668480712799;1.0307415242231857;12.514959822191829;66.76354932467088;19.43922037955206;0.9745255599247734;0.2735510343648487;0.034193879295606085;0.0;96.5977090100872;3.4022909899128053;0.0;0.0;0.0;82.25337664558045;16.464352880834333;1.2822704735852282;5.073727933541017;64.14666666666668;96.5977090100872;3.4022909899128053;0.0;28.39195979899498;0.0;-4.09844141002148;169.17;176.10333333333332;188.68925964546403;194.09223646723646;-2.8634257360086637;1.0286342573600866;16.89553593774063;83.10446406225937;6146.0;294.7999999999997
2;Lunch Ride;53609.5;7026.0;9611;433.0;Ride;Ride;10.0;15829843217;2025-09-16 09:21:05+00:00;2025-09-16T11:21:05Z;(GMT+01:00) Europe/Berlin;7200.0;;;;0;6;0;1;0;False;False;False;False;everyone;False;b13021367;[48.066745, 11.519125];[48.066247, 11.518768];7.607;15.5;92.2;15.0;185.2;488.0;186.0;True;1306.7;True;131.1;159.0;False;True;709.0;572.0;16907638576.0;16907638576.0;garmin_ping_480880630725;False;0;0;False;16360356;1;a15829843217;c`kdHoyheA{BdAa@IoHbKcJzIsIhCkF@}A|EqDC}F{@wBzMaF|Jg@tBaA|No@tGeCnKaK|V{FxGgHlNm@nBQ|K[~Ea@~BuCvFcAdA{CfNoAe@?]RMtBnAxA@hGqBpMGxCZbJ}@fD\bBbBvIlBzYvUhDnEYtBnAq@jHlEjL~IlN|LfNbMpJtMbEtHpH`UnInU~LlZrDzFtEpJrGxKfJlOdJ|MbNzUxLzXrHnUdEjJpE~HxCdEtG`HpSlNpQ~SxSvHlF`E`LpPxDdEdNzMjWp[pPbRtCbF~CbD~CvFrG`EfBbBzLzU`H`ShAvAlDfCdAfDhBnObCva@H|R`@nE`C~InKnSfAjF`@lSo@fP@rCxBfJt@tIvAnGGp@kAz@o@dBTtDfJrCtLUvC^hIdE|IfCzLkAtJSdH_AbMoCxIiEfG]rHfCfEtBf@|@zHr@tPdHnKdAvDjA`BfA`@dAbAXdE`EvGpFfLvF`HlIbBxArI|BlElD~I`ExPzDlFbDlKlApKiCjEa@jG}AbIhBlG_AbBXdHbDnQxD~HhAjC}@fBwB~WeUnDsA~GkE|AWtDNtCaArDYlNwHjGqH~B{AfFg@hEd@Zr@pKsEvX{BvJaCvV}M~PgLnK}@rCaCpB_FjAqLvAsIs@oNTmHyAwCkDeMf@kRU_Ry@q@uDIm@o@cBwFgBcO}AcGuF}KuDqNkAcBsD{DQBmDoR{GuKkFkKm@sB_@aDwDcHoAcHcDaIgB_CgCeBgFgFoCiEuMyJmDcK_CcD{C{BBgCx@{DKwAgBaEsGgGoIiF}CcAEm@e@e@eDmAmD_@oZeAoO~@o@jA{BJkDGcDu@}FiFyF{IoBsBmDcDm]wYaHcN{EiIwLyKuOyHyB}A}@sAQRs@bEuBoAyBIwBf@cDfD}A^{a@mAgC`BaCpCqATiBrAiCFcAoAcCiHSm^U}Cg@eBaGaHoDyGmDqIUiAeELmC[cCcAgDqCeBwCmLaYkE_H}DwC_DaAaMJaEYmDh@{LrGgFZm@o@mGwCaHcJyKqEeCaBkXmZqMoIaVaRiJiC{Ay@}AeByAyDeDmB}@wDuDuBgCgCiG}DyAwAaCaGiBkJcFeNmAcFkDcGmDiEk@SwC~@yAcDu@o@oHo@sAk@{G_NsPqKyCwCoG}KeDaEk@}BiIwAgBcAgAkCVmD{@uCgCaEmEcFoEwAKeE_@qAyFcE_L}FqQoM}DqFyGiDAeArA}EdCyAC}@k@q@kCeAsAPeCmByBCgH}AcEeDmCcE{A{GiCeE{CcCqGiEqHcEyJkIeDmAwCWcAwByC}A}BFcHtCeHnB_E|BqCdCwE|@kQbGY^JrA;2;135.5681439866833;488.0;1.7606252465803027;190.8982087436583;0.6698182762935379;119.79129170957796;124.08655846858095;159.0;142.2534794469876;1.5384277805721742;-2.6677562175141882;1.5527839829135008;1.5113594916647615;1.4081347072392612;20.454222853087295;48.147622427253374;23.789921930447125;5.819730305180979;1.20652945351313;0.49680624556423;0.085166784953868;82.81050390347764;16.181689141234916;1.0078069552874378;0.0;0.0;71.51171043293115;20.880056777856637;7.608232789212208;3.789259007477906;9.399253731343283;82.81050390347764;17.189496096522355;0.0;4.817506193228737;0.0;6.70710311293799;199.49;186.11;201.7173592690834;193.30290715848702;4.171407032635115;0.9582859296736489;23.96049242092649;76.03950757907351;185.30105083783016;488.0;2.4065071537380542;190.67004834272961;0.6690177134832618;119.49268224645742;131.09982959386537;159.0;158.77147816811234;1.5362102411974066;-2.5459372540478005;1.549715508454387;1.5102607239928905;1.0239930859223634;20.35297466552804;48.22089382294335;23.82578992314261;5.807002561912895;1.2097922003985198;0.49814972957586107;0.08539709649871904;82.77825220609166;16.225448334756617;0.9962994591517221;0.0;0.0;71.4916026188443;20.908055792769712;7.600341588385994;3.7828454731109598;9.406367041198504;82.77825220609166;17.22174779390834;0.0;4.806611570247934;0.0;6.6727956539907956;199.41666666666666;186.11;201.7155070754717;193.2249373433584;4.209180471651374;0.9579081952834863;23.96714551819347;76.03285448180654;9611.0;473.9999999999999
2;Morning Ride;77140.8;10126.0;11890;612.0;Ride;Ride;10.0;15818150099;2025-09-15 08:16:15+00:00;2025-09-15T10:16:15Z;(GMT+01:00) Europe/Berlin;7200.0;;;;3;6;0;1;0;False;False;False;False;everyone;False;b13021367;[48.066453, 11.519204];[48.065955, 11.519511];7.604;17.47;90.2;22.0;176.9;488.0;180.0;True;1801.1;True;129.1;151.0;False;True;699.6;566.0;16895583143.0;16895583143.0;garmin_ping_480515396288;False;1;0;False;16360356;1;a15818150099;i~jdH_zheAkIlEgLzNgCdBkI`CyECoB`FcL_AoBbMoGxNmB|UoCpMsJ|UoKvOqCrF_@dCxLfDpMnKpTf\rIhFjUzRVhA_AbCJx@fd@~^lQhQzMxS`Rvi@rM|[pQ`\~e@vv@dNj[hKlZxJpQ`K`LpQnLdSfU`RbHlGhE~IpNxWdXfh@~m@pMnR~IrGxMbWbHfSfGnEhB~LhAvNfBj[ApPb@rEjCbJbI|N`CxHj@jUq@zSxDvVfAhEGdAgBzB_AxEk@fX_B|Cp@~d@Q~GrInBd@nOlCA~J|Kr@fTzBzHrJnGfK~JtXjRbCVhNbHvR|F~UbSbIbD`FfG~JbCtFvC|QlBpE`BpOfYnFlLn@hIpA~F~G|LJbCg@tBl@`B|ElEjHhArDy@bJ~EjJvNlAnHpBzFlGpJbGpGdAdE~EZzQ`HxLWjGkAdR\x^hNtq@tLxXlXdGhDvGvArw@jj@`KbBpInIpFzHrEtDbBdItQtG~HtKdDrC`VlJtBbCdFxJbFbBtHgCfJmLlLcDrJmKvKwAnDyAxQiUhWoUhFsH|D_KpBmWpBgJvL}MnFoL`Ay@dAp@bBvFtFlJlTVzFbHfFhD|PrWjPbJ~GpK`MrIzKbBrI~IpNmC`IgEfOgUtHgVrCmR`FaCvEhAbH]pJaE`L_QjCoHlBsClAwEbIoFzCmPpGwU[cFdFgS~E{NnEuIrKu`@j@mIZ_YoCgPP}Pu@iPoGsQmE{HiOuJy@dAeAEyD{BoIm@yAnCqBdAcD{F_AdGmFmEiIc@mGt@_KuCg[s@_DRuAhBcIE{@EoA}AwCQsp@`I_KiJwDmKeOiGaGuGeRl@_O}GiHsFuCeHwD{EaBw@{Fm@iQnAeR}C}Ln@}SwF_KgFaRuGwO_SqQ{VkRuL}JuKcH{EuFiGoEo@_HaDrAyIm@gOXsH}AmDcDsK`@yRS{QwGeBmBiGcBoN_BoG{FgLwD{MwG}IgDkQuNqVyAkIeDeG{AuHgDuHwMoMmCgEyMeKqDmKwBqC_DmB|@oIkBaHsHmHoM}Fg@sAeJmB}\eAoTpC{FoAyIcI{E{HoLaIyTwSsPaZsMsLuRaK_UuTeH{DcRqGuVkQyNcHyFgA_Ob@qG}BkEiFuOs_@}HcHmFeAqRFkTrIyJwCqHwJcQeIgXmZc`@iWgDqDqIuB}B_B}CiGyCmBu@cDwSyO{EcRaJiVmCmF_E{EuDv@iAuCmAeAqJkAaHeNwGsDyLsJoFmK{DyEa@_BiMoD}@}BHcDmAmEiH}JyE{A{@kHaPqIsTyOoF_HmFgCQq@zAoFlCmB]cAkDcBuANgCyBuJy@wEwCqC{EcBgHqBsDyb@oZsHeBsCwDcDi@kTlHqG`F{VbH;2;150.8531662601968;488.0;1.959132029353205;199.15025587919638;0.6987728276463031;161.2827410620591;125.51400218652762;151.0;180.05384138923878;1.5866776009838104;-4.753235102563266;1.6238724836382719;1.5466860067251116;1.3201596016599022;25.167059748427672;44.054638364779876;22.58254716981132;5.915880503144654;1.5526729559748427;0.6682389937106918;0.0589622641509434;88.58097484276729;11.419025157232705;0.0;0.0;0.0;71.81603773584906;19.98820754716981;8.195754716981133;4.002949852507375;8.762589928057555;88.58097484276729;11.419025157232705;0.0;7.757314974182443;0.0;-16.72365933137547;165.71333333333334;193.42666666666668;200.6490558030978;191.79918588873812;4.4106212605576856;0.9558937873944231;26.63279255854215;73.36720744145785;177.115206464965;488.0;2.300197486557987;199.12722764845242;0.6986920268366752;161.23188389059803;129.1193456193949;151.0;190.53034060238286;1.5864000380180905;-4.669866955112508;1.622967187108906;1.5471767787457882;1.114258778299223;24.817301994864703;44.26229508196721;22.69405490815722;5.935216274935809;1.5603397195338733;0.6715386134702745;0.05925340707090658;88.52459016393442;11.475409836065573;0.0;0.0;0.0;71.6867469879518;20.08690499703733;8.226348015010863;3.978367748279253;8.714285714285714;88.52459016393442;11.475409836065573;0.0;7.714285714285714;0.0;-17.82725311069434;165.29;194.75666666666666;200.57508460236886;191.92346127640246;4.313408788094421;0.9568659121190558;26.590408868765973;73.40959113123402;11890.0;670.4000000000002
2;Morning Ride;26648.0;666.0;6577;128.0;Ride;Ride;10.0;15783576931;2025-09-12 06:45:17+00:00;2025-09-12T08:45:17Z;(GMT+01:00) Europe/Berlin;7200.0;;;;7;5;0;1;0;False;False;False;False;everyone;False;b5758623;[48.066249, 11.518783];[48.066309, 11.518663];6.971;12.067;;;118.9;;;False;454.4;True;119.8;142.0;False;True;585.8;498.2;16859172381.0;16859172381.0;garmin_ping_479433936184;False;0;0;False;16360356;1;a15783576931;_}jdHkwheAKyAJMjCg@pNeFjDi@~@g@bAmA~@u@lBiAzF_BNWCuABa@~BiQk@g@{MwGuDe@yAi@y@g@mR_QsEwDa\iTmFeD{@_@SD]ZaAnDYNqBV]MMOaAgCc@Se@LiCxAcBxAqBvCoCvEg@VeBKWYuD_Hw@cA_@_@{EyCyC}BkAOm@y@g@]{BW_@OaImEuGuAO_@d@uGIk@U[qDkAoAm@wD_C}DsB{CsByIkCcFcDaDwAs@o@gAkBw@_A[MgDc@mGeEw@[gASgFOcI_AOP[rAQRI?_@U_BkBa@WkAmAmD}DoJyGgA[kBUaIISUAY`@iD?g@eA}H?gC[mEkAmB}A_DWyC]gAqEaCkBHe@LkBCkCRkASc@l@InAaAz@s@^{Ad@gB~@WBcHmCiFoDiAg@}@iAYm@i@u@kCgCwDmEu@eBaAeBaBcC_@Ou@kBs@cA{EyKy@_CE]Wk@YOuCqG}B_G}Ps`@Bs@{@uBa@m@]S_@o@iFkOmDuIuBgEeBoFoAmCiAiBoAkAkAyAe@w@oG}GwD_DwGeEYYa@{@KDEPa@fEKxBw@~DkAxLyACoBm@u@Ng@^{AlB}D~D_ANFrAC\qArGURSn@yBhPAhAOdAIF]EHIAUh@y@TiAzAeM\mBLWb@IvAiHfByAnF{Fh@[jAFvA`@h@APMEyApAgL^cCZsAPoD`@{CRf@V\rHfFdCtBrBnBvD`EtBjBdB`CVRf@~@XjAn@pAxBtGhBpD~EvLdBpF|@bCp@tA^VT^x@lBFXAb@`@dA`G|M~Op_@j@h@zAlElEbKz@vAh@tAh@\RVxAxB~BzEjHzHr@xAlAxArB`A`CxApAbAlGjCXC|Ay@zAa@vAs@j@o@?a@Hi@XSfF_@~A?fCYXF|A`A~Aj@PVPr@\xCpAjCnArBJd@Bz@RdCCtCn@`ERpBEdA[`CH`@z@VzHH`ALxAh@lAt@lGrElD|DfC`Cz@h@fAI\Hn@j@J\XVhAb@hIzEn@NZTxBhBRVJ\LxAL^RXlLnJ|M`JlBdAbKvD~@LnFR`SzDbBp@pVnM|EzCx@~@|CrF`@p@LDdBJt@YrEiHlBsB|DiCZATPvAvC`@FjCYXLl@jAPLbI_Bz@RdAj@nZbSjPtOjDvCrAx@pAd@|Df@tNlHFZCL_@hB_BzMJlAGPkE`A}Ap@m@h@_Bz@sAzAUNsCb@_P~FkCj@KVJdBMH;2;0.0;0.0;0.0;0.0;0.0;0.0;103.6421084611879;142.0;67.96666973516477;0.0;0.0;0.0;0.0;0.0;;;;;;;;99.03632320237212;0.9636767976278725;0.0;0.0;0.0;;;;;;99.03632320237212;0.9636767976278725;0.0;102.76923076923076;0.0;;;;;;;;;;0.0;0.0;0.0;0.0;0.0;0.0;117.2744394618834;142.0;86.83716770335357;0.0;0.0;0.0;0.0;0.0;;;;;;;;98.94894894894894;1.0510510510510511;0.0;0.0;0.0;;;;;;98.94894894894894;1.0510510510510511;0.0;94.14285714285712;0.0;;;;;;;;;;6577.0;207.00000000000045
2;Lunch Ride;72390.3;9589.0;10472;474.0;Ride;Ride;10.0;15774706264;2025-09-11 09:44:47+00:00;2025-09-11T11:44:47Z;(GMT+01:00) Europe/Berlin;7200.0;;;;9;5;0;1;0;False;False;False;False;everyone;False;b13021367;[48.066347, 11.519245];[48.068722, 11.517304];7.5;15.4;89.1;19.0;174.9;720.0;175.0;True;1685.8;True;127.0;156.0;False;True;723.4;556.2;16849795786.0;16849795786.0;garmin_ping_479137179253;False;0;0;False;16360356;1;a15774706264;s}jdHgzheAcHhDcPzQ}JrDsF?oB|EwNbHmHxQ{@pFw@bNeD~NgIvSeJrMcG~MgArU}EfJaAvC{CvQaDzKmDlSaB`\w@dGiKf]wKtWyDzLoWxgAiDtKRvBeB`PsCnr@uEl_@_Dj^tBvMd@bHzPh\fB|HjBpDlEdPzDnJfBnBvMpDjB|AdAlChA~KdCrDxBbHbD~B~K~CjK~J~L|OfMjEtDtDtHrElHlJdb@lTbHlFnEjJlIpI|A|Dd@dJz@rBu@`FgBpDEbCqApCsJrII|@rInIRz@_@tHcKjh@OnJuCbd@EpM`Cff@`@la@lAvSsE~_@UdGPpGhGvi@lBtFOxIrBxBjCd@lBrCgAxUTx]|AdVsBf_@bQvG~@fAbGzi@xHtQlC`JhHbM`HvPvGvTuBjNFv\e@fKFxEhBrOAdIb@vBW~JdQ`@bHtClJn@jV`G~EfEpGpMzC~CbJfDfOlLz[bSvG~@tH`DxCc@xCbH|CxA`D~HxBdN|HzO`B|F~BpUl@fR|CdMd@vRx@dEpGdD~EjGpl@~d@vNhRrAjH`D~Cz@zChFxB|K~H`BrB`ApLtGbLzAjEhCdX|HzLx@fECfKyFj]cAvJA|DbMIlQfGnKjAnHSlP}B|O~GfJjApMrGzKrBtZ_DfMfDfHPpPpDlAWbA_CfAYjNhAsEeTCoE|GsQlIw^dCqMdDc`@zAaEbDcPzPyYxVoVnFeEnI{AlROdOkU^oBk@aJb@{Gl@sAhCcA`AuCr@qX~CqHzEmPL_SjFqLEcFcDcKiCaV}HkL_CeQd@uHzB}GrBwL_AsGEcEhDeATmHzBaK}D_X[kNpE}Rp@kGUoFeLo~@gEkPsGoI~AoGqDyLoBqCsI_DiBkBJqC|A{AbAyEm@}D_HyHqFsIaCuGyAiIoJcNcJ{EwD~@cHaAeFeFWiA`@gCQgCuGiLsAcGs@yIqCeE{BoGiNmWmE_B_RsBsGcDmIaB{GmHkHwCyXyToPgEcNgHsEfAiCgAeOkK_EiEcIcEcHwA}EaEMm@~@_CkBeIm@yKcAcFqV}A|@kg@s@{d@ZaBjAcAn@gY|@aElB{CoAeG}@mJiBwH^_CtCwGJcCgCuFy@eRg@{C}LiVuBeIa@oF@iPiB_]kA}MgBqKeEqCuA}A_G}Q_OqXwI_GuCcFcIyK{g@_n@}U}UcKaPqE}CuT}IeSuTyTwO}JcMmG}L{JwYkOk]{f@cx@qP}ZmKyWaSsk@gCiFwI}Ly^s]wVwR[w@l@cDMq@eTqRqJuF}Rg[uNsLiMkDxCcI~KePnKmWnCkNnBcV`GqMnB_MvKpAhB{EhFEjIeCdLuL;2;160.53203475603934;720.0;2.0848316202083033;189.72576364767914;0.6657044338515058;128.9233262361827;125.4075241096152;156.0;158.31349895511323;1.5128738486364277;-9.59592573759676;1.588814800408787;1.4363533120536136;1.18185609455462;25.03637497401788;53.949282893369364;17.33527333194762;2.8164622739555183;0.7067137809187279;0.10392849719393059;0.051964248596965294;96.27935980045729;3.325711910205779;0.3949282893369362;0.0;0.0;81.16815630845979;15.15277489087508;3.6790688006651426;5.599451303155007;22.062146892655367;96.27935980045729;3.7206401995427143;0.0;25.87709497206704;0.0;-8.66675708666757;172.03666666666666;186.94666666666666;192.377135348226;179.7845464725644;6.545782508335776;0.9345421749166423;23.178269434218656;76.82173056578134;175.3888426311407;720.0;2.2777771770278012;189.73756418682953;0.6657458392520335;128.92705265069893;126.93994587843464;156.0;162.19068486153378;1.5131967719628434;-9.609966828663255;1.5891145957627384;1.436401210240493;1.0550188509003167;24.79924913963917;54.11408906038169;17.3949316925644;2.8261549692355827;0.7091458963395557;0.10428616122640526;0.05214308061320263;96.26655542809469;3.3371571592449683;0.39628741266033995;0.0;0.0;81.10334758577537;15.204922306809888;3.6917301074147457;5.576817558299039;21.96892655367232;96.26655542809469;3.733444571905308;0.0;25.78491620111732;0.0;-8.515372559642428;172.27666666666667;186.94666666666666;192.35600262409795;179.78276481149013;6.536441619229552;0.9346355838077045;23.180770982612945;76.81922901738706;10472.0;553.2000000000004
2;Lunch Ride;53949.6;7087.0;7662;343.0;Ride;Ride;10.0;15750903541;2025-09-09 09:53:33+00:00;2025-09-09T11:53:33Z;(GMT+01:00) Europe/Berlin;7200.0;;;;0;4;0;1;0;False;False;False;False;everyone;False;b13021367;[48.066276, 11.519047];[48.068852, 11.517141];7.579;16.46;88.5;14.0;179.8;371.0;184.0;True;1283.1;True;122.2;141.0;False;True;685.6;558.2;16824689766.0;16824689766.0;garmin_ping_478418187520;False;0;0;False;16360356;1;a15750903541;e}jdH_yheACa@c@EoEpBeEbEwIvKuB~AoIlC{FDmAfEYVcEGuDqAc@TyB~MyFdMo@vEiA~PiA`G}AhF{IrTkGbIoF`K{AxDEnG{@xLq@|BqExHkAjEyBnNcBdHaAxBkArGEfBwAlGoBd`@}@fEqFrPz@pChDhGxLjOfCrGv@vERhFa@zRBtGnElg@YfDn@|BhAhB~DbNln@zfBtPpv@~@jGPvEuAl_AHzHlAjS|Inu@h@tLn@hBhD|Cr@hA|@|FDvB`D`I~HnIbBfCx@lDRbHv@fBo@fFiBxDMpCgChFA~Cl@tJa@dLgBtLyGh\SvJy@lImBpa@j@bR|A|X^`a@n@nFEzAd@dKsEx^SrG\bJxF`f@pBpGK~I~BtBvB^dBpBLj@KnFs@`HGpDZnKAhR|AzTaAnLq@`SjN`FjCxAb@`BjFrg@tHpQdCjIlHrM|GlP~GzT@|@_B~GWvDFl\c@~LHxCdBzOA|H`@vBYrIN`AxPAbHvCzJt@`V|F`FdEzFtL~ClD|JxDjOtLjT~LnEjDhHfA`H~CjABlCmA|CTd@w@L}@C{Aa@uBH_AnF]~FoBpCT|NnFfNy@rSxBlDExFiAfRRrEoBxFmEjDiE`NyGnHkH~HsElBkBl@wB`@cPWsFByGc@_IFyCn@mBbC_EzCeCpACRa@M_C^sEYwD]mBkAqAWqAnAuNsAuQxE_[h@u_@bCmUIsAP}Ak@eAA_A|AsCn@uBt@eHFoD{@{FwDcKuAqJ{BeWh@gL{@cMaBmFmA{H_AsBc@mDwAwBG_CXiDhCkJ\yCLeJc@sMKeNnAmNd@oAt@w@x@Ev@z@l@jBFrF~@bEdB[nHaOhAoEdB}M^}Gk@mDv@gFs@{CgAiC{EeFqDsF{FkH[}Q\{J\_Xs@ua@XeD~@g@Pi@HeQh@kGv@}DpBuCuAyG{@cJcBcHNqBrCkHTwBM{@yBoEaAgTkAcE{JgS}BgHk@eGAiQcB}[iAqMyAyJsAcCkDmAo@s@iFwQgNeWsBgCqG_E_DmFgCcCcD{Fch@mn@eTiSiD{EwFeLuEqCeOyEiFwCoC{BqCiEgJ_K_LiGiJoIsF_IqGcM}Kc\{FmLgFiMyYwd@uNaVyGiNaF}HaL{XuJgX_F{OaEmIyN}QyZqXoDiCgFiF_HyE[oAt@}BYeAyGaFkKeKaKyFeJuOeHcK}M}K{L_D`@kBxGeMfGyHbF_KfCgHvBkIz@iFb@qF@{D~@}HzFkMzB{MpDdAlFBvAoE|FK|HeCrA{@zHwI;2;166.9975205533081;371.0;2.1687989682247806;197.8074630679725;0.6940612739227106;102.53967836565197;119.99217016834137;141.0;106.04844335812177;1.6485030880803406;-14.052467649620807;1.75241047263792;1.5061535578819092;1.1844934129116569;23.02056917441533;47.95717103409411;22.936038320653708;5.311355311355311;0.6339814032121724;0.14088475626937164;0.0;99.81684981684981;0.18315018315018314;0.0;0.0;0.0;73.34460411383489;20.569174415328263;6.086221470836856;3.8616438356164386;12.050925925925926;99.81684981684981;0.18315018315018314;0.0;545.0;0.0;14.07510059606299;199.64333333333335;171.54333333333332;208.06183745583039;177.38285360569483;14.745127806846567;0.8525487219315343;22.98202281762311;77.01797718237688;180.59101155255001;371.0;2.3453378123707793;197.85156992686174;0.6942160348310938;102.57202469203442;122.25739644970415;141.0;110.07586072644169;1.6486393594620767;-14.139749911923277;1.7530265439976305;1.5051529747867338;1.0779794100310285;22.915196839283194;48.01749682517285;22.971638210808525;5.319599266262171;0.6349654296599407;0.14110342881332016;0.0;99.81656554254268;0.1834344574573162;0.0;0.0;0.0;73.30323126851982;20.601100606744744;6.095668124735431;3.8541095890410957;12.025462962962964;99.81656554254268;0.1834344574573162;0.0;544.1538461538461;0.0;14.165387951164188;199.85333333333332;171.54333333333332;208.08657243816253;177.36037151702786;14.766066143102838;0.8523393385689716;22.982623198658903;77.0173768013411;7662.0;384.00000000000045
2;Lunch Ride;42976.4;5439.0;6254;353.0;Ride;Ride;;15738917665;2025-09-08 10:00:27+00:00;2025-09-08T12:00:27Z;(GMT+01:00) Europe/Berlin;7200.0;;;;0;4;0;1;0;False;False;False;False;everyone;False;b13021367;[48.066322, 11.518971];[48.066253, 11.518864];7.83;17.6;88.8;22.0;188.8;424.0;191.0;True;1036.6;True;125.4;146.0;False;True;703.8;565.6;16812033872.0;16812033872.0;garmin_ping_478054788841;False;0;0;False;16360356;1;a15738917665;o}jdHqxheACe@[McFrBoNdQyCvByHdCuFB]b@kAvDaDByCi@yB?y@pHe@xBmBpEsDpHo@jG]dJY~BqCnL{DxKuDdJ{@vAeExEsGfM]dA@^\b@dA^pItBnNfLnSj[tLxH`I~HhHnFh@|AcAhCXl@bHnFxFnFvRdPfLpKnFnGtF`I|CbGfHnTrIvUzGrOrCxHrDdG`JjQrM~SfJ~MrMxTbH|PtDrHrGxRjCbH`GhL|EdHvI|IdFbDhH~DjL`OvDrDjEbC|J~CdErBrAfAnCrD|BvDvCrDfAnBbEjEdMlLrWx[hQ~RnCxErCtCbDxFpG|D|@v@bA|A~LzUjGdRv@hAjDdBr@hAXpAtBfR|Bd`@JxDAtL`@fFd@bCrAfEdDvGdDpFlAnCl@|B\rCXrJBzGq@vNAzC^lCvAtE`ApJlAhFSdAiAfA_@`AObAVdClJxCdM]pCR~DjB~BlBhGnB|ARhNoApJSnGy@xGwA|NaGfC_@hBBlE~@rHjEb@h@hKrBtM|E`KjA`EbAvBpAl@nA~@L~ClDtDfCbCbC`DdBhDp@h@[~@gCjBuD`HsJzAw@rCa@hG{BhJcGfCyCz@yAdAaA`GiC@yAu@{Fm@aAmBo@_@a@q@oF@yBdAiEL}ALeQT{IOgFeBqLQgIb@kJrCkTn@}BxD}I\qDEgB[{@_Ak@mCx@qAE{@a@}BwBgEgCyCkEaB_Fm@eAoHeHs@kB]qBf@eKHwJ^aE~@sEbF}M`@wBLeCIkCYmB_FaR_@uFF{RPeKN_BrBsJToBAoC[gFv@m[KcFkBoImB}OiAqCyAeCkE_GsHiIwA}CcAoAkGqDkEyAuBBeAaAyBuFScAKa\MsDYgB_AqBcD_D_AsA_DeGuD}IM_AyEJkC]_CeAiDoCwAeCsCyGyHcS}CuEqDuCeCaAsB[sJLiFQoC`@yK|FsBl@eDAyEcByBgBmDoFy@{@cMoFcCcBcSsT_DuDiM_IcVeRiBy@gFkAuC}AgAuA_BaEiDmBY_Ce@y@{GeFgJkGgBeEcCsMoA_Dm@u@i@aCeDsJeEqHuCoCgD|@uA_D_BiAmFOgAUm@c@mGqMaH}DaHaFaC{BuCmEwCcG}CoDa@eBuEq@wDgAm@e@aAcCP{DeAeDgHiKeFgBYuEmAuBwDqCqF{BeDuBiR_NkBaDu@u@iCgBiDwA[_@fByFlCuAKsAS_@cDsAeA\o@eAoAu@qDCgEq@k@[oDqC_CaEqBkHgBeDmC}B}DqB_B_BsGeEqBs@}IwHaDqAgD[y@iB{ByAgCK_KxDiFtAmCzAkD|CuE~@cRfGMVFdA;2;165.27721822541966;424.0;2.1464573795509048;207.1020063479594;0.726673706484068;91.74949990205724;121.31654676258992;146.0;88.4844692066416;1.707120849336794;-6.982227442409014;1.7620552439141628;1.639024539123181;1.2530583983177608;19.952276064610867;39.243759177679884;29.809104258443465;9.049192364170338;1.5602055800293686;0.3854625550660793;0.0;97.96255506607929;2.0374449339207046;0.0;0.0;0.0;61.8575624082232;27.14757709251101;10.994860499265785;2.6835699797160246;5.6260434056761275;97.96255506607929;2.0374449339207046;0.0;48.08108108108109;0.0;-9.035118251598364;181.95666666666668;198.39666666666668;207.03946854239936;203.37545417844166;1.7697178174543835;0.9823028218254561;23.354740205827596;76.6452597941724;190.09911894273128;424.0;2.4688197265289777;207.20057752805855;0.7270195702738896;91.82217575222055;125.40418502202643;146.0;94.5325980103572;1.7080001843461547;-7.008727513875929;1.7638352983412449;1.6402128884869465;1.0615973304751247;19.81981981981982;39.308696451553594;29.858429858429858;9.06416620702335;1.5627872770729916;0.3861003861003861;0.0;97.95918367346938;2.0408163265306123;0.0;0.0;0.0;61.79444750873322;27.19249862107005;11.013053870196728;2.677484787018255;5.611018363939899;97.95918367346938;2.0408163265306123;0.0;48.0;0.0;-8.947300982958403;182.10333333333332;198.39666666666668;207.02109375;203.4250505050505;1.7370419505618608;0.9826295804943814;23.34856036111891;76.65143963888109;6254.0;376.60000000000036
2;Morning Ride;20104.8;525.0;6469;98.0;Ride;Ride;10.0;15737259771;2025-09-08 06:10:00+00:00;2025-09-08T08:10:00Z;(GMT+01:00) Europe/Berlin;7200.0;;;;1;6;0;1;0;False;False;False;False;everyone;False;;[48.063276, 11.524117];[48.066318, 11.518641];7.041;10.729;;;120.1;;;False;342.9;True;108.5;142.0;False;True;579.6;502.2;16810269695.0;16810269695.0;garmin_ping_478006838705;False;0;0;False;16360356;1;a15737259771;mjjdHuxieANRVj@Nj@Th@BNClBMbEE~D@HJF\@lCi@^UdBqBhBgAf@k@bA[bEwC@Y^eDnAqJNq@Ic@SOsAk@kKmFwDe@iA]cBcAs@w@}AwAcDmCoFiFkEsDeK}GcAy@qBmAiKcHiC_B_C_Bc@OQCOF]XQd@i@tBSXuB^]?YYq@mBMUOOQGQAu@V_B`AcBpAkAvA_AzA_ChEe@Tw@@i@CYS}DiHiAuAkAw@gAo@}FiE]EWJ[|@ILKFU@{EoB_Bs@aAi@iF{Bu@q@_AS_Hk@aC@{DQsI{A{@Ae@FUImFqDkBwAoAmA}@e@qAa@qAK}CJoFe@qD_@}DBqFXeDd@oB^qDb@aBZcE`AsALiEJ_Jh@uL\mC\yMb@qABeACQ[GA]^WHwDLwAKiBc@_EoAi@G_DNm@AuAm@]Ga@Cq@@y@Cy@M}CM{DwA{@OuAPYGIOSaAQk@m@}AMm@Eq@GcEQiCQaAMWOm@MCwCViAEgDi@uFgAu@Ws@]Ua@Qc@GSK{@C{@DsCYeFOcAg@_C}@uCWe@Mg@kBcDmA}Aq@o@iBsAgDgBOc@U_@}AeCoBkDY_@Mc@AiAKYUKgCGKWu@iHYsDQsD[qEe@uJQaAOoAFLHlARxBLzCVzDHdCV~DB~@R|Ap@xHLt@?PIXE`@H\PZLr@\xD\`CLJHBjDPnANzAXxAf@vAt@|@l@lAhA`AfAfAzA~@jBnAhDt@fDPzAL|ADjCClC?h@N|@Zx@f@n@n@\p@RfJ`BlCNhCIFLZlAP`BFpADtCH|@F\tAxECXNh@l@JvAWvBf@jBt@ZFpCDhD\bBp@p@b@XJ`BId@SnBLVGLBfIdCbANZ@jCMJDFJHh@FFH?FEBe@FMHIVErLc@hE]vIQlFWhLy@dAQ~By@hFoAdAQdDQh@?PCXWb@IfDc@jCOnE?`BL~BVdATtAJtDKzARxB`Ab@XrBjBtAfAvAz@jEtCrAjAnCfDbBnAhAh@lBtB|B~CfA|@|AfAFEFMD@dCjB\ZhB~Br@l@bB`ApHpDtAhAR@NGHFMZ@F`@h@nA~BDVH|ABL|@vApAdBj@~@l@p@\RhCz@z@`@x@r@rApAh@\lA~@lCtCb@Rt@`AdD`Fv@`ARLPZxBrCfGlJdB~Bn@n@hC|BbFtD~DrCn@ZlAPtBb@dEZVM`@]nAuA|@s@hDcBb@OPLHxACHID;2;0.0;0.0;0.0;0.0;0.0;0.0;88.29310877626699;142.0;48.49442140268028;0.0;0.0;0.0;0.0;0.0;;;;;;;;99.62721342031688;0.3727865796831314;0.0;0.0;0.0;;;;;;99.62721342031688;0.3727865796831314;0.0;267.25000000000006;0.0;;;;;;;;;;0.0;0.0;0.0;0.0;0.0;0.0;107.24579124579125;142.0;71.48186455058163;0.0;0.0;0.0;0.0;0.0;;;;;;;;99.61904761904762;0.38095238095238093;0.0;0.0;0.0;;;;;;99.61904761904762;0.38095238095238093;0.0;261.5;0.0;;;;;;;;;;6469.0;143.40000000000003
2;Lunch Ride;52798.3;6877.0;7215;409.0;Ride;Ride;10.0;15693456820;2025-09-04 09:40:59+00:00;2025-09-04T11:40:59Z;(GMT+01:00) Europe/Berlin;7200.0;;;;0;6;0;1;0;False;False;False;False;everyone;False;b13021367;[48.06771, 11.518494];[48.066285, 11.518976];7.64;16.44;90.6;24.0;173.0;520.0;179.0;True;1197.7;True;124.4;146.0;False;True;720.6;569.0;16763723297.0;16763723297.0;garmin_ping_476667966853;False;0;0;False;16360356;1;a15693456820;efkdHquheAiDnDwH`KiCnByIfC}EEq@`Au@pCWLuDE_F}@kAfIg@dCaGpMe@|CsAzRkAjG{AdF}IpTkHpJqGxMrBjBdIlBjNlLfS~Z|JlGdJ|IpInGTt@cAxCNj@nInGfd@p`@bEfEtItLnFvKdFjP`JrVjLfYfEbHfJvQfOrV|Vv`@`GbOxEvJbG|QxDrJfElI~CvErDlEbHrGxNfJhRlTtC~AvMjEnGfEpJdOlVpVrUtYnRhTzCfFjCjCdDzF`GfDrBbC~L|UdHpSjFxDfAdDvB`SxB|^F`R^bFzBtIrIpOxArDj@nCd@vTo@fPBbDvBzIt@dItAfGKt@cBzB[bFnK~C`L[bD`@`IhEdJbCx`@kCtIgBtOoGzBSdCR`ObHjIdBxNhFvKpAzDdAhBbAt@zA`APpNbMbIjDdBpA|FhHrBfBhI|BtEtDzJlEbO|CbGjDpKtAhLuCvEe@fEiApJbBtF_ArK|DbH~@rRbE`CaAjB_CdS}OfCkCxB{@bGcErBu@fFD~CgA~DWrB{AnJsEhGoH|B_BpFm@vEd@Tp@lKsEtYcCvI{B~CmBxRcKpOkK|Dw@xDGhDyB~BkFfAgLxAwIu@uN\wGQuAeA_BsCeJW_Bd@uRUiQ_Aw@}CGy@m@kBcGgB}NyAaGkFoKoD}LcIgKsCmQ{J_PwByEkB{IgD}FwAyHqDkIiA{AwCqB}EaFuCoE_McJs@qAsC{IiBgCaDuBAuCt@cD@y@wBmGiAi@}GsGeIgEuAYCkAQYsD{@k_@eBoLn@}KdBwBSgCeAgH}GeBgDeCcDu]cZ_E_EeBkC_FwKcIcKcHyGaPaIaC_By@qA]ZM`Bc@tAqBsAwBKqC|@kCxC}B`@wE_@aL?aL{@qBz@oDxD}AZwAjAiDDqC}Fk@aCMa_@QsBe@eBeGeHiDwGoDqIUqAeEL}C[aD}AmC_CcFwKgH_RcEoGgDeCkEoAwRMcDf@wKzFuBj@wC@aEuAuCkB{DcGcAaAoL_FuCuBeWmYyRuLmLgJqByB}EoBiE_A{C{B{BqEmCyB[yBc@y@iPsLoBqBqB_FiCuLeEuIkBmIqDsGuDqDkDv@wAaDcBeAaEIcCs@q@{@oD}I}@mAoGiDsIkGkBqB}GuL}CuDUaB}GiAmBo@cA{@y@aCFqDoAcDuBuDmDkEoFgBM{Ea@{@iNeIuE_DcO}KkCwDwCgCeEmBIm@rAcFnCiBBo@w@kAwC_A}@Rk@{@yAu@aJm@iAg@}DyC{@gBqA{AgBqHyByDyScOsBm@}IqHuCeAeDc@gAoBiC}AmCFkP|F_ExBqChC_F~@aRdGONFv@;2;165.62117223222947;520.0;2.150924314704279;189.75798048177097;0.665817475374635;88.87192431059336;123.37439379243453;146.0;105.58602134950708;1.5380661630728691;-12.463574493567702;1.6320099192309623;1.4286031472051972;1.145735040539971;27.75036284470247;48.548621190130625;19.056603773584907;3.8171262699564585;0.44992743105950656;0.3338171262699564;0.04354136429608128;98.62119013062409;1.3788098693759072;0.0;0.0;0.0;78.56313497822931;16.79245283018868;4.644412191582003;4.955056179775281;16.915625;98.62119013062409;1.3788098693759072;0.0;71.52631578947367;0.0;18.404378894012467;189.39333333333335;154.53666666666666;198.0805614891669;174.02008928571428;12.146811389550967;0.8785318861044903;24.954996507106166;75.04500349289384;173.7265602322206;520.0;2.256189093924943;189.9034254927266;0.6663278087464091;89.66186897535864;124.51393323657474;146.0;108.3352953423748;1.5411589221606647;-12.728583679294625;1.6368226748427341;1.4284783309937081;1.0717014068389359;27.65740875381707;48.611313072560705;19.078086374872765;3.8243420095972076;0.4507779555038534;0.33444816053511706;0.04362367311327614;98.61858368474626;1.3814163152537444;0.0;0.0;0.0;78.53715282826815;16.809655372982405;4.653191798749455;4.9489619377162635;16.878125;98.61858368474626;1.3814163152537444;0.0;71.38947368421053;0.0;18.616367657901204;189.88666666666666;154.53666666666666;198.10470085470087;173.998404085541;12.168462770018024;0.8783153722998197;24.956138375507766;75.04386162449224;7215.0;463.7999999999995
2;Morning Ride;53564.5;6871.0;8041;352.0;Ride;Ride;10.0;15681266592;2025-09-03 08:43:09+00:00;2025-09-03T10:43:09Z;(GMT+01:00) Europe/Berlin;7200.0;;;;1;7;0;1;0;False;False;False;False;everyone;False;b13021367;[48.0664, 11.519267];[48.068712, 11.51733];7.781;14.96;92.0;21.0;177.3;518.0;177.0;True;1221.5;True;125.7;151.0;False;True;695.0;567.0;16750462125.0;16750462125.0;garmin_ping_476303980746;False;1;0;False;16360356;1;a15681266592;_~jdHkzheAiCfAuHzGuHbJuC|BuGrBmGFg@l@_AnDkDBmGa@}A`LeGtMk@dEmAxQcAjFsBdHeJjToFzGkDlGcDpHQdKk@xHm@bC{B`E}@|@kApDsCfQkBtHu@|AsAdIArA_BlGgBd`@}GbWb@zBlDtGlMdPrA`D|@`Eb@`EHdEe@fRDpFlEjg@?~@]hAJx@h@hBfA`BzEbPhm@hdB~Qzz@j@xEHzDwAr_AH`HpAzSlIhs@t@bNj@jBhDxCv@lA^dBf@vG`D|HxIjJpAzBr@bEHhFz@pB}@~FiB~D@dBoCvFBxEh@pI]dKyBzMkGtZQfK{@jJG|EaA`Lc@fMd@bPdB`[d@z`@dAzTQzCwCxSg@zFQjFZ`J`Gxf@hBpFKhJjCvBrB^xAbBRn@OpGq@|FIrDXjL@jSvAnOBpC{@tJw@zSdQbGx@`A^`BjFjg@pHfQlC~InHpMdH`QpGjTsAxG_@rDKdKN|Pe@lLHnEfBvOAvHf@|B]rIL|@vPDjI~ClIh@nVhG|EbE~F~LzCbD`KzDdIrFbEvDvTjMxD|CvHnAvGxCrABhCoAzCZ^i@RqAE_Be@wBNaAnFWxFkBvEd@dMvEpMu@~UhCpIsAOFrSHhEuBtFsErAwBbB{AvNaH`HwGhI_FxBeDj@uRUsEa@kU^eBrC_FfDmChADR]MiCLoK]kBaAiA]yAjAsMsAuRpEoYd@w[VuFzAqNvA{Il@y@~@[oAmD|@wFOy@\gEGqCw@iEuDyKcAwFoCaZh@sK}@{MeBsFw@eGiA{Cg@uDsAyBI{A^cFxBsHd@yCL_Li@{MEgOtAgNj@gAh@YfADj@`@RT`@hCAfERfBfBdArA{@`FsJjAeDbCoP^uGe@sDR}Ji@eBaA_BoEmEsCsEmBeA_DgEWeU\aH@}OTcHc@qIOyYX{A~@c@Hc@HcOn@aJt@mDrAyAXiAwAgGu@eJgBcHPmBpCmGZeCSsAsBcEaAaTe@yBiBqEaI{NsBeHo@{HBsN}AqYsAyPoAuJcA_CwCsAwAuAiG_ReNuW{AcB}GeEmC}EuCuC}CuFsf@ol@sWuW{K_QoFeDoNwEmCwA{BsBmNuPwP_LiKsKoE}GwEcJeKuZaOu\aLqRuI}LsOaWsI}PiE_HwLeZ{HgTyFwQsEoJcNoQc[{X{TgQWa@Gy@p@sDsHyFgI}HmLsH}Sw[iNiLkL{C`@qBtG{LjEwE~@gBxEmK~DaLfC{Lh@mLz@}HhGyMbByLZIjDlAvEJx@qCt@gAvE@tJ{ChKqL;2;151.5079582193484;518.0;1.9676358210304987;193.2697617090898;0.6781395147687361;102.73056351080076;121.1369062422283;151.0;113.42706145114639;1.5954655579747339;-13.174938031333976;1.7034595483093133;1.4790298084307196;1.2756409892956249;25.366632786409177;47.509801074488166;22.186728619137504;3.8768694642079278;0.7840859590532888;0.2468418759982576;0.029040220705677362;95.5278060113257;4.472193988674314;0.0;0.0;0.0;75.51909394511398;19.544068534920868;4.9368375199651515;4.116641901931649;15.297058823529412;95.5278060113257;4.472193988674314;0.0;21.360389610389614;0.0;5.165158011751618;167.92;159.24666666666667;197.99782743637493;182.4255185417976;7.8648887698433825;0.9213511123015662;24.215772485329516;75.78422751467048;177.39137380191693;518.0;2.3037840753495704;193.30480514704314;0.6782624742001514;102.75504196125335;125.673540516991;151.0;122.0667605525138;1.5947460989038162;-13.13270469619888;1.7019415827227964;1.4784306205619981;1.0511976642279994;25.22194731480134;47.60587978460195;22.223839324698005;3.8858972493086887;0.7859118032309707;0.24741667879493523;0.029107844564110027;95.5319458594091;4.46805414059089;0.0;0.0;0.0;75.4766409547373;19.575025469363993;4.948333575898705;4.108550185873606;15.25294117647059;95.5319458594091;4.46805414059089;0.0;21.381107491856675;0.0;5.210317460317458;168.0;159.24666666666667;197.99689730065157;182.41113557722554;7.871720181432733;0.9212827981856727;24.2189804202316;75.7810195797684;8041.0;393.60000000000116
2;Lunch Ride;29234.7;3645.0;3864;192.0;Ride;Ride;10.0;15657243629;2025-09-01 09:13:15+00:00;2025-09-01T11:13:15Z;(GMT+01:00) Europe/Berlin;7200.0;;;;0;5;0;1;0;False;False;False;False;everyone;False;b13021367;[48.066357, 11.519271];[48.06627, 11.518857];8.02;16.64;90.5;21.0;182.5;605.0;187.0;True;666.9;True;121.5;142.0;False;True;684.2;565.4;16723789784.0;16723789784.0;garmin_ping_475589981634;False;0;0;False;16360356;1;a15657243629;u}jdHmzheAqEpB{AjAeCjCi@dAkAzAmCnCgBzBeBlAoI~Be@DeDO]TQZe@jA]xAUJcAMyALoCo@uH`RsCjFWx@]hBWxBYlDMzEk@nEg@pC_ArDoBjGeEhK_BnDgAfBeDnDsC`FeD|G[hADZfCz@hF~@rAj@~KbJtBzBlAbBrOnV~@r@tCxAvD`CbDvCrD|D`I~FVb@@TIh@y@tBJb@zHhGrEhExFjElEhE|FpEbLjKjBvBvGlJzChFzAjD`BtEtBlHbF`NpCjI|G|O~BxGdAnBfCxDjFxK~CnF~LlSfFdHhDhFzKlRhBzDrDnJhE|IvGhSjBdFzEpJ~EnHvDlEhE|DlF|DxDlBrCvBrLvNnCnCvAbAbBz@v@LxFhBjEfBtBlAbB`Bl@t@jIlMhDtDl@`AbBbBxAdA~HxHzU~YpQpSt@dA~AzCdEdE~BhELAHQfAeF`@mAnEeFpB{CnCsBrCcD`C{@v@e@vCiDrAq@`Ds@|@a@r@k@xBgCrKkNpKoJlE{CbE{BdBgA`Ay@r@LvAtA|Cr@l@d@v@`ANFf@QT]Li@b@yDV}DIw@[_HuAcTQi@m@s@O_@Aa@Jm@`Aq@Rs@PgDBcDZwFE]J{B?{An@kRp@qIrBaPzAyPdBkLCiBf@a@ZcAZo@Lk@h@qDbA}I`BqJAe@YgDuAuDAa@HuBG}@YsBk@yBAi@rAcAhE}DNq@NcBVuA@a@EIeAg@mAaA_EeGeAcA}KmEyCqBy@}@y@oAoOiP}@qA{A{AoF_DyEgD_N_KkDiDmA{@cCcAcGqAiBmAgAsAaAmCa@q@uCcB[sBk@eAqCaBgD{CeFcDwB_Cq@qBqAeCSq@m@gEmAgEq@mBw@wAeAqCw@aCYwAKQ]oAc@q@qCaF_CmCUO_@A{Bv@WAu@oBu@eAcAe@e@KaDEwASo@[u@cAcDsHcAgBiAaAgDeByIgGsAmAiAuAcBgCaDeG{CuDKOO}@KOqBUuDaA}Ak@i@_@k@y@c@yAAi@VyABu@McAo@iB{B}CsEeFsEyAGYBeBEcB[}@oHyE}GcDsIkGsFqD}AsAgByCy@_AcCgBmDyAIS@KtA{Ff@k@xAi@Vi@A_@u@u@aBs@qASo@Tw@_AiAk@wCIoFw@aBmAeBiAq@_A{@wBu@cA{AiGy@iB}@mAmC{B}CeBgB_B{GgEq@Ya@ASKgEqD_BiAy@}@eCeAmD]WW]kAU[qBqAwAQiBX}FbCgI`C_DhBeC`CeFdAqMxEeCj@UVHhA;2;172.18939197930143;605.0;2.2362258698610575;201.69071520481387;0.7076867200168908;53.76864466958735;119.78939197930143;142.0;53.307200533380296;1.6837109853572367;-6.306900074149856;1.7386287027032588;1.6289751277632762;1.1713306661136171;22.569159134483705;43.02930703916735;26.184606956998085;5.97096685839496;1.5064365927143248;0.6025746370857299;0.13694878115584772;99.39742536291428;0.6025746370857299;0.0;0.0;0.0;68.31005204053685;23.473021090112297;8.216926869350862;3.2602100350058345;8.313333333333334;99.39742536291428;0.6025746370857299;0.0;164.95454545454547;0.0;6.7912274913611945;191.96333333333334;178.92666666666668;202.27723901882487;195.4242614707731;3.3879133318672587;0.9661208666813275;25.96373994621611;74.03626005378389;182.58109589041095;605.0;2.3711830635118307;201.6932013728853;0.7076954434136327;53.75605822745022;121.50383561643835;142.0;54.82981114626395;1.6832597476108409;-6.313840116427789;1.7381450031362746;1.6284013066465715;1.0871068189874526;22.469135802469136;43.10013717421125;26.200274348422496;5.98079561042524;1.5089163237311385;0.6035665294924555;0.1371742112482853;99.39643347050755;0.6035665294924555;0.0;0.0;0.0;68.25788751714677;23.511659807956104;8.23045267489712;3.2532088681446907;8.293333333333333;99.39643347050755;0.6035665294924555;0.0;164.68181818181816;0.0;6.718337272348111;191.81333333333333;178.92666666666668;202.25784369652024;195.43396226415095;3.373852557534555;0.9662614744246545;25.967881204708355;74.03211879529164;3864.0;206.80000000000007
2;Afternoon Ride;6143.7;221.0;5104;94.0;Ride;Ride;10.0;15606142573;2025-08-27 14:38:40+00:00;2025-08-27T16:38:40Z;(GMT+01:00) Europe/Berlin;7200.0;;;;2;7;1;1;0;False;False;False;False;everyone;False;b16625153;[48.099784, 11.551101];[48.066318, 11.518654];1.54;4.1;;;36.8;;;False;146.8;True;62.8;134.0;False;True;577.2;520.8;16668119040.0;16668119040.0;garmin_ping_473976000168;False;0;1;False;16360356;1;a15606142573;snqdHkaoeA^FdABpAChABj@?FFXGJBn@AdB@TCd@B~AC\BhAERBbAAjAB`A?dCDt@Lb@V`@PtCFPHf@Nl@SF@@x@JVBXNjBBx@J|@DBn@JpA^`@XhBxArCdCnCzBvBlB^VvBdBn@h@b@b@p@b@NTHD`EhDjBvApClBTJBDn@b@fAf@b@Zv@^n@`@`A`@hAl@fBv@j@d@XF^@XH`@Nn@^j@P\Fr@Vj@T`@Xb@Tj@Lb@F`Bd@|@\bALp@DTJn@PhADNDZ?fACb@??AFE|@AXEv@?rCYj@AN@HpADJT@~@MP?lASpAYVC@@TKx@IlAQT?RKh@CBCl@Gx@Ax@YB?BE?FACJCZGb@CR?LG^EAAADBCNCVArA]~BgAH@BHB?ADPPN@AG\?XJHCJDVBNJ@MNIJMRK@@PILAHDABAC@BBA?U@?KF@AB?EBD@AB@B?GEAD?EA@DBAGCBBCABCFHAH@AAA]FWJCA@AC@STGNBL^t@\`ANNLV@JXv@RXZJ@FS~BA^[pCItFCl@G\JLNZJ`BHdBCbCInCElAGl@BtBg@fJC~@OnBKz@c@@?`AFBBNF?FKAAIt@A^DTP\lAfAPJ|ApApBxAH@t@d@p@f@VJtA`Ar@j@j@l@hA~@FRs@|BCC?R]pAObAU|CAvFLlGFnAEl@GHy@Xa@JkBf@I@SHFjAEXID;2;0.0;0.0;0.0;0.0;0.0;0.0;61.05328109696376;134.0;18.289987978141458;0.0;0.0;0.0;0.0;0.0;;;;;;;;100.0;0.0;0.0;0.0;0.0;;;;;;100.0;0.0;0.0;0.0;0.0;;;;;;;;;;0.0;0.0;0.0;0.0;0.0;0.0;67.6280193236715;134.0;22.322646876230845;0.0;0.0;0.0;0.0;0.0;;;;;;;;100.0;0.0;0.0;0.0;0.0;;;;;;100.0;0.0;0.0;0.0;0.0;;;;;;;;;;5104.0;130.5999999999999
2;Morning Ride;48506.8;2760.0;9684;1232.0;Ride;Ride;10.0;15521542206;2025-08-20 05:34:16+00:00;2025-08-20T07:34:16Z;(GMT+01:00) Europe/Rome;7200.0;;;;2;6;1;1;0;False;False;False;False;everyone;False;b16625153;[43.86549, 10.650206];[43.864616, 10.65142];5.569;15.4;;21.0;163.6;;;False;1425.0;True;136.4;171.0;False;True;880.8;28.0;16575981618.0;16575981618.0;garmin_ping_471453071537;False;0;10;False;16360356;1;a15521542206;invjGwb_`A_DuExBgB~EnAhDpEfBCtAbBt@jJ`ClDxBVhB~BpEN`BdC~LbFp@dOxFdLaErT_@tUcIlAwKuDgSn@{]fLuF]qBhAuArFsAjA{]rEsDhHE|F}Bg@uGlEmDe@uDeHeUf@}AwCiAOOgDoAnC?uDsAmA_IsBsF?a@sJ{F`LCvDqBtIe@~McC|CyFp[{@_Bi@yHiC_CsAsIiCeEuAdDm@c@E_CcEfBwAo@u@kCyG`AKtDrEtF`B~Fq@jDwA|AWjGcBrGuBlCxAxCp@`H_FOe@bC_B^aCtIuOzEVfCy@xGcIlNkBhLcA`A|FhHNvBoAxImGOs@t@q@fGaDhCkGzA@lA|CjDnAfLpFbFqNu@}B{@kCfEUtHuFvC}Au@MhBcGhFaAbGoHlG|@vLiArDFrBuDdEYlEhAlAxCjGqAhH|Cm@jG|P|CpCnDFbBdKm@jGcCjCuCp@}@tBuGoB}JcFeDhD_Er@}QkOi@_EvDdGbCBzE|Cr@m@\gEcC}B_@uD{CoCa@sEs@cAa@wFnA{CIwBaClDK}FXcIs@_EoBsCt@iKcEdLbAqLFgO`F}Al@cFsA~AeCfAoCwCcE|IjBaRp@s@U}E}B~FNqCo@wDyCw@kCaHoK{@Wy@dAmGw@mC_DJeC|BaHzA_CqAuDcQ{@{MFr@qAaCcE{B[iXoB{DdSik@dIuIlCiHbBwIAkGtBuHhI}@lAkFzDeDHuCqBwE{@eGaFyC?{AbAuAi@uCqAq@_Dt@_DoHZ}Cy@sBnDJRnD|@DdDaCxKsC~AaIqHrE_A[uAeE|D?rCwGxBsAj@cFzA}C{AJ}BtDcBh@pFsN`GyBl@eBcCv@}B_CxB~AtEmHd@VDrIl@~CfAyF~AxHGjJxA|EfFeK`D}A|BR|AcEvA{@~JsBzWlD|AhDzAIdB_DrFt@tNw@nBoBvCyL~BqDS`Ez@bHkDrLxEfIu@~BZdGtCp@v@pCFyBcCyDhAaKsBwHrHgDPoG_BsAZy@fCXoAaCdH_Az@~@b@aFrAz@pA~IzBgA`AnK|GbBlFjCtB`C`FkCvGe@IbJfAcDvMcFzCeFJ{B|BwFpCeBj@NVhFrCvBQxIzBxCrKsJr@~Cx@\vU{GhIUvPqHvN|K|b@hM`GlIvFr`@nIxNxFfZjEl_@Urf@dOyAxIuD`UqEtm@a[zP\rM{BpEqFhAqEnJiRZmDmEiKyL}P_KaEyMmE{j@Ty_@yGReWvD{U_GgKm@kO{@mA{JwCcBiCsEYgB{BwBMmCiFq@yHcAiAiBD}DeF;2;0.0;0.0;0.0;0.0;0.0;0.0;133.139494062984;171.0;165.01107214194457;0.0;0.0;0.0;0.0;0.0;;;;;;;;54.03104656985478;12.568853279919882;9.664496745117676;23.184777165748624;0.5508262393590386;;;;;;54.03104656985478;22.233350025037556;23.73560340510766;3.497747747747747;2.2763713080168775;;;;;;;;;;0.0;0.0;0.0;0.0;0.0;0.0;129.9979030754893;171.0;157.29942360839237;0.0;0.0;0.0;0.0;0.0;;;;;;;;61.55797101449275;10.471014492753623;7.065217391304348;20.434782608695652;0.4710144927536232;;;;;;61.55797101449275;17.53623188405797;20.905797101449274;4.702479338842976;2.9445407279029463;;;;;;;;;;9684.0;1262.2000000000005
2;Morning Ride;32727.3;1426.0;5250;579.0;Ride;Ride;;15508477213;2025-08-19 04:48:35+00:00;2025-08-19T06:48:35Z;(GMT+01:00) Europe/Rome;7200.0;;;;15;8;0;1;0;False;False;False;False;everyone;False;b16625153;[43.86614, 10.650557];[43.864374, 10.651656];6.486;15.72;;20.0;165.0;;;False;832.5;True;131.1;168.0;False;True;336.4;16.0;16562074231.0;16562074231.0;garmin_ping_471075133488;False;4;0;False;16360356;1;a15508477213;krvjG}d_`A`@aAK_@eAk@nCkBfCT~AbAvCjE|BBp@~@j@pAJ`Fd@tBnBnCjCp@rAfBnEBdBjCbEhB`D`@`Az@`@bBZtLv@hBpD`FTnAyDbUG`NWvGJ\x`@`H~f@g@pBTdXpJrExG~GxIlD`JVNhDw@VXG~EY|AkIhPiIfCoB|CwElCwJ|@mP[}p@h\aJpCcEHuH~BcBpAeNfAU\e@bLyHwIyCQ{FuEmIg@_Ex@kC|A{IjCvDvK[`VWzBkUpDiHUiCwBuFfBmIMcE`AeH_DuCCiCoAyCzGsB`BsHk@yDoAg@z@WjC@bGMjA_Dn@eAi@wA@}A~@b@tIOpAqF^}FlAeEy@oEn@_Ab@qAlBaGZs@rB{BL_AwHuBuAy@uD{GsNG_Ap@iCNsC]sDkBoF]C[z@_A~Eu@T{@e@sBkDWoAG}DQUcAGsBpAwAm@wEsEgC_@uAn@_BY_AVxAwCTaDd@mBq@kCF_@vCGpF{AlD}B|AaERcCzAo@j@sDlEz@@iAg@_BEiBoAuBAu@zBwCtAiFVoGfBcCb@sCCm@gAgBm@eC}DaFCoCxBaBwA[uALiAb@u@bAhAsDBmAUw@sAo@BqC{FYsExAaC@e@SoAcBmA{B{Cg@J_@~C_Bl@gHbCmGR_DjAcDG_Bg@iAyCq@_@gFJ{@b@]H_AiA_B[uByBuBXmAp@{@eAzAMn@rBdBh@dCfA|ACl@q@lAZlGvCl@z@|CLe@KwAiCiEdAyDJ_D_@cDyAeCXgAlFeBz@u@@qGgAk@Oi@Xi@zB\Gm@_Au@@q@lEHnAs@`@`A`@Jb@sAEmCLOnAzANxC`@Ep@{C_AcDFyDvAPnDiCjEc@|@uErDwEhD@zEiDt@wGRa@jB]hAcDhAkAJeDhAsDnB}BlAwEjINZkAAeGV{DQg@iC}AKy@RiB\c@jEc@q@{E`@zAz@j@vHJvDcAtAHtGqChDGhFr@|DYxCuCtJmCNo@GeJ_@a@q@uEe@gAkB?m@kEhDkD`Bw@Ts@i@_AeD{NzNaNeA_Cq@wBsA}OlBcFtDiA~OmUhM_FZoBzE?v@r@pAjGn@l@vT?xNlFnA|ApHvBdGzDfFxElG~IbEzAxFWbARvFbHj@nFrBxER`Ci@xLqBbFKdAkF|AoC~E{@f@aEx@oD}@]h@m@nDuErBQv@F~Ec@bJcB|IqCnFGrBoAxImAv@iDS{AVgAaCoAJYbA~@pE?|BeAtB}Dv@;2;0.0;0.0;0.0;0.0;0.0;0.0;130.3195581793944;168.0;85.71579798022397;0.0;0.0;0.0;0.0;0.0;;;;;;;;65.1831247102457;11.96105702364395;12.980992118683357;9.874826147426981;0.0;;;;;;65.1831247102457;24.942049142327306;9.874826147426981;3.009293680297398;6.60093896713615;;;;;;;;;;0.0;0.0;0.0;0.0;0.0;0.0;124.34589800443459;167.0;77.82966417697202;0.0;0.0;0.0;0.0;0.0;;;;;;;;71.87938288920056;10.93969144460028;10.02805049088359;7.152875175315568;0.0;;;;;;71.87938288920056;20.967741935483872;7.152875175315568;3.769230769230769;10.049019607843137;;;;;;;;;;5250.0;594.2
